country,iso2c,year,military_usd,military_gov,education_gov,region
Canada,CA,1960,1702442711.4107,NA,NA,North America
Canada,CA,1961,1677820881.08423,NA,NA,North America
Canada,CA,1962,1671313753.19292,NA,NA,North America
Canada,CA,1963,1610091700.58692,NA,NA,North America
Canada,CA,1964,1657457282.98458,NA,NA,North America
Canada,CA,1965,1574704539.97291,NA,NA,North America
Canada,CA,1966,1614422827.01519,NA,NA,North America
Canada,CA,1967,1775500366.17812,NA,NA,North America
Canada,CA,1968,1797265817.14572,NA,NA,North America
Canada,CA,1969,1770108751.17249,NA,NA,North America
Canada,CA,1970,1889157917.90681,NA,NA,North America
Canada,CA,1971,2077659711.42515,NA,NA,North America
Canada,CA,1972,2233737030.68794,NA,NA,North America
Canada,CA,1973,2363060955.12359,NA,NA,North America
Canada,CA,1974,2809465529.28173,NA,NA,North America
Canada,CA,1975,3180915490.18837,NA,NA,North America
Canada,CA,1976,3581805735.1487,NA,NA,North America
Canada,CA,1977,3752174526.30589,NA,NA,North America
Canada,CA,1978,3969158477.03543,NA,NA,North America
Canada,CA,1979,4084145737.65174,NA,NA,North America
Canada,CA,1980,4744402251.07336,NA,NA,North America
Canada,CA,1981,5141128191.44056,NA,NA,North America
Canada,CA,1982,6017321456.07224,NA,NA,North America
Canada,CA,1983,6947104071.66388,NA,NA,North America
Canada,CA,1984,7349795763.93554,NA,NA,North America
Canada,CA,1985,7460563318.39353,NA,NA,North America
Canada,CA,1986,7780136739.83447,NA,NA,North America
Canada,CA,1987,8694447167.77653,NA,NA,North America
Canada,CA,1988,9897335684.27981,4.34082655937621,NA,North America
Canada,CA,1989,10747134688.6376,4.18688901099986,NA,North America
Canada,CA,1990,11414631846.8936,3.98190863727281,NA,North America
Canada,CA,1991,11338503299.2354,3.59879493039684,NA,North America
Canada,CA,1992,10788803123.94,3.45698501440769,NA,North America
Canada,CA,1993,10268822622.0283,3.44489084786311,NA,North America
Canada,CA,1994,9577377639.78794,3.36951649302872,NA,North America
Canada,CA,1995,9176903908.36758,3.1727128681944,NA,North America
Canada,CA,1996,8615884471.23883,2.97895270698618,NA,North America
Canada,CA,1997,7945140182.86606,2.79085696889746,NA,North America
Canada,CA,1998,7748607984.03732,2.8155809481819,NA,North America
Canada,CA,1999,8210778539.84237,2.89731501383463,NA,North America
Canada,CA,2000,8299385230.72365,2.74757242596902,NA,North America
Canada,CA,2001,8375571424.88184,2.75741233589552,NA,North America
Canada,CA,2002,8495399281.21734,2.76494828683953,NA,North America
Canada,CA,2003,9958245601.51315,2.76081510533127,NA,North America
Canada,CA,2004,11336489831.0556,2.82151151446051,NA,North America
Canada,CA,2005,12988132963.6232,2.8740606824262,NA,North America
Canada,CA,2006,14809892802.9902,2.90352212845166,NA,North America
Canada,CA,2007,17417139931.1051,3.07845153858812,NA,North America
Canada,CA,2008,19342058404.5584,3.21213682290467,12.4984664916992,North America
Canada,CA,2009,18936226051.964,3.17257451065171,12.5725317001343,North America
Canada,CA,2010,19315688825.0369,2.7734066840798,12.6209001541138,North America
Canada,CA,2011,21393720863.7223,2.87019825887948,12.7131490707397,North America
Canada,CA,2012,20452107110.9741,2.73273478077143,12.8579139709473,North America
Canada,CA,2013,18515731209.9437,2.50837990296678,13.002293586731,North America
Canada,CA,2014,17853640477.6849,2.57991356740854,12.9890079498291,North America
Canada,CA,2015,17937641894.7407,2.88044713216989,12.7445983886719,North America
Canada,CA,2016,17782775543.0736,2.85661155873435,12.6629419326782,North America
Canada,CA,2017,22269696323.3229,3.34169548674661,12.9404630661011,North America
Canada,CA,2018,22729327580.3404,3.24053601561142,12.9341850280762,North America
Canada,CA,2019,22394875659.3821,3.16271743815418,12.6524801254272,North America
Canada,CA,2020,23082774049.217,2.64621776541041,9.87754249572754,North America
Canada,CA,2021,25362240829.3461,2.78680056709947,11.0546884536743,North America
Canada,CA,2022,26896315904.7337,2.87769133568517,11.0546884536743,North America
European Union,EU,1960,13495646845.2004,NA,NA,Aggregates
European Union,EU,1961,14871176244.4079,NA,NA,Aggregates
European Union,EU,1962,17135259125.2649,NA,NA,Aggregates
European Union,EU,1963,18850525070.3972,NA,NA,Aggregates
European Union,EU,1964,19807994518.389,NA,NA,Aggregates
European Union,EU,1965,20815499723.0565,NA,NA,Aggregates
European Union,EU,1966,22174437609.0776,NA,NA,Aggregates
European Union,EU,1967,23502682137.1701,NA,NA,Aggregates
European Union,EU,1968,24846359488.6759,NA,NA,Aggregates
European Union,EU,1969,26604661024.1443,NA,NA,Aggregates
European Union,EU,1970,28667884573.9597,NA,NA,Aggregates
European Union,EU,1971,32079841463.3578,NA,NA,Aggregates
European Union,EU,1972,37540900004.8547,NA,NA,Aggregates
European Union,EU,1973,44648726401.2432,NA,NA,Aggregates
European Union,EU,1974,50231304331.4484,NA,NA,Aggregates
European Union,EU,1975,58073467750.4315,NA,NA,Aggregates
European Union,EU,1976,60239783866.7781,NA,NA,Aggregates
European Union,EU,1977,68250894237.321,NA,NA,Aggregates
European Union,EU,1978,72503070320.3935,NA,NA,Aggregates
European Union,EU,1979,76138908893.9927,NA,NA,Aggregates
European Union,EU,1980,83755109284.3798,NA,NA,Aggregates
European Union,EU,1981,75585893102.3038,NA,NA,Aggregates
European Union,EU,1982,74403737931.5512,NA,NA,Aggregates
European Union,EU,1983,71877627682.1056,NA,NA,Aggregates
European Union,EU,1984,67632288182.8435,NA,NA,Aggregates
European Union,EU,1985,69870439271.6384,NA,NA,Aggregates
European Union,EU,1986,93334064817.9439,NA,NA,Aggregates
European Union,EU,1987,114341673250.226,NA,NA,Aggregates
European Union,EU,1988,121050807627.251,4.93458012865997,NA,Aggregates
European Union,EU,1989,120541654554.672,4.78784217006206,NA,Aggregates
European Union,EU,1990,143682386558.457,4.54084234194834,NA,Aggregates
European Union,EU,1991,141249738553.885,4.31683198897515,NA,Aggregates
European Union,EU,1992,149185516667.552,4.01927308276075,NA,Aggregates
European Union,EU,1993,133719935281.4,3.81015936235219,NA,Aggregates
European Union,EU,1994,136252029370.108,3.72501175564189,NA,Aggregates
European Union,EU,1995,149450759159.453,3.48438612064027,10.8555145263672,Aggregates
European Union,EU,1996,150456911002.983,3.57223904551214,11.0047769546509,Aggregates
European Union,EU,1997,135409234799.867,3.58791482396495,10.7993040084839,Aggregates
European Union,EU,1998,135683769025.339,3.54506759995708,11.2617788314819,Aggregates
European Union,EU,1999,134168807006.722,3.55831798773229,11.0899033546448,Aggregates
European Union,EU,2000,120046937916.008,3.53788294142342,11.2034592628479,Aggregates
European Union,EU,2001,118809743514.594,3.44664176680903,11.3400540351867,Aggregates
European Union,EU,2002,128221183737.606,3.38248389686606,11.525173664093,Aggregates
European Union,EU,2003,157310325143.152,3.34919172335503,12.0232057571411,Aggregates
European Union,EU,2004,178082628218.448,3.34212026513684,11.7296485900879,Aggregates
European Union,EU,2005,176432832842.95,3.18964241847786,12.1407403945923,Aggregates
European Union,EU,2006,187708143857.999,3.2130530583959,11.8212118148804,Aggregates
European Union,EU,2007,211550969804.472,3.17477330306177,11.3690233230591,Aggregates
European Union,EU,2008,236704211313.385,3.12878203088767,11.3260879516602,Aggregates
European Union,EU,2009,225787122550.01,3.03714517951685,10.7116813659668,Aggregates
European Union,EU,2010,213755281334.796,2.92678798421465,11.223424911499,Aggregates
European Union,EU,2011,221564070765.708,2.86397842939707,10.9298424720764,Aggregates
European Union,EU,2012,205673059870.942,2.83083714935871,10.9155969619751,Aggregates
European Union,EU,2013,207373192693.372,2.74390713894862,10.6419892311096,Aggregates
European Union,EU,2014,207296114140.947,2.71306624461295,10.6475200653076,Aggregates
European Union,EU,2015,177784773955.639,2.73417663842113,10.5211882591248,Aggregates
European Union,EU,2016,184302843100.708,2.80249656075354,10.6262164115906,Aggregates
European Union,EU,2017,195704809490.685,2.85716250889904,10.6398844718933,Aggregates
European Union,EU,2018,215381843065.554,2.90183223838027,10.8592433929443,Aggregates
European Union,EU,2019,217008828626.018,2.98460082928132,10.7527098655701,Aggregates
European Union,EU,2020,236668035806.706,2.92635271813354,10.3530426025391,Aggregates
European Union,EU,2021,260187953505.753,2.92760565940844,10.720606803894,Aggregates
European Union,EU,2022,258325901652.861,3.19908587669169,NA,Aggregates
France,FR,1960,3260127992.20532,NA,NA,Europe & Central Asia
France,FR,1961,3469940419.47309,NA,NA,Europe & Central Asia
France,FR,1962,3774280041.36628,NA,NA,Europe & Central Asia
France,FR,1963,3887455989.50045,NA,NA,Europe & Central Asia
France,FR,1964,4130961167.72148,NA,NA,Europe & Central Asia
France,FR,1965,4304458188.69513,NA,NA,Europe & Central Asia
France,FR,1966,4548130770.44856,NA,NA,Europe & Central Asia
France,FR,1967,4918985395.87983,NA,NA,Europe & Central Asia
France,FR,1968,5148997849.38987,NA,NA,Europe & Central Asia
France,FR,1969,4964005293.9822,NA,NA,Europe & Central Asia
France,FR,1970,4941059320.49551,NA,NA,Europe & Central Asia
France,FR,1971,5291990761.21619,NA,NA,Europe & Central Asia
France,FR,1972,6326060061.39262,NA,NA,Europe & Central Asia
France,FR,1973,7976535301.9881,NA,NA,Europe & Central Asia
France,FR,1974,8361637313.22792,NA,NA,Europe & Central Asia
France,FR,1975,10945218801.8177,NA,NA,Europe & Central Asia
France,FR,1976,11175248198.0247,NA,NA,Europe & Central Asia
France,FR,1977,12634633832.545,NA,NA,Europe & Central Asia
France,FR,1978,15852894822.5915,NA,NA,Europe & Central Asia
France,FR,1979,19040482589.1051,NA,NA,Europe & Central Asia
France,FR,1980,22198183002.4185,NA,NA,Europe & Central Asia
France,FR,1981,20047753849.35,NA,NA,Europe & Central Asia
France,FR,1982,18918492343.8024,NA,NA,Europe & Central Asia
France,FR,1983,18188520274.9614,NA,NA,Europe & Central Asia
France,FR,1984,16977866454.841,NA,NA,Europe & Central Asia
France,FR,1985,17455151457.8314,NA,NA,Europe & Central Asia
France,FR,1986,23901440137.0803,NA,NA,Europe & Central Asia
France,FR,1987,29280470206.4717,NA,NA,Europe & Central Asia
France,FR,1988,30327270741.0937,5.87778044320816,NA,Europe & Central Asia
France,FR,1989,29665454335.4031,5.84911677309422,NA,Europe & Central Asia
France,FR,1990,35774430324.9841,5.62272477258817,NA,Europe & Central Asia
France,FR,1991,35869120915.2144,5.51194517377115,NA,Europe & Central Asia
France,FR,1992,37902269820.7805,5.14267602267547,NA,Europe & Central Asia
France,FR,1993,35775273292.8873,4.8987591294078,NA,Europe & Central Asia
France,FR,1994,37288606059.734,4.89696377122681,NA,Europe & Central Asia
France,FR,1995,40124024138.3696,4.57260679176181,10.5009965896606,Europe & Central Asia
France,FR,1996,38977734095.7754,4.42295444506778,10.4452610015869,Europe & Central Asia
France,FR,1997,34697904099.1796,4.37956330391438,10.4342470169067,Europe & Central Asia
France,FR,1998,33633561283.2294,4.22779323913665,10.6019840240479,Europe & Central Asia
France,FR,1999,32672714284.8488,4.15916682254688,10.7792158126831,Europe & Central Asia
France,FR,2000,28403138948.7059,4.03664247573078,10.8389720916748,Europe & Central Asia
France,FR,2001,27951566384.416,3.92645351975583,10.8771810531616,Europe & Central Asia
France,FR,2002,30578398932.8217,3.87583863805826,10.9577140808105,Europe & Central Asia
France,FR,2003,38569115812.9361,3.93403524955552,10.8201856613159,Europe & Central Asia
France,FR,2004,44524579612.5999,3.97160816369336,10.4804420471191,Europe & Central Asia
France,FR,2005,44442050523.1392,3.79724453303837,10.3551263809204,Europe & Central Asia
France,FR,2006,45792148415.5244,3.73536019722208,10.3564348220825,Europe & Central Asia
France,FR,2007,50684467384.4229,3.62885898295714,10.0942478179932,Europe & Central Asia
France,FR,2008,55365965844.831,3.55948832790609,10.1141309738159,Europe & Central Asia
France,FR,2009,56441455398.191,3.67118007286521,9.92237758636475,Europe & Central Asia
France,FR,2010,52044060565.0524,3.46230230152887,9.92166805267334,Europe & Central Asia
France,FR,2011,54120871009.5016,3.36006966306541,9.73781490325928,Europe & Central Asia
France,FR,2012,50216507403.1664,3.2764313647162,9.61224365234375,Europe & Central Asia
France,FR,2013,52001462447.6638,3.2324769425109,9.59853649139404,Europe & Central Asia
France,FR,2014,53134750898.8024,3.25615126608226,9.59419918060303,Europe & Central Asia
France,FR,2015,45647471640.5013,3.2963702715752,9.59043502807617,Europe & Central Asia
France,FR,2016,47370589552.6306,3.38229450357105,9.54159355163574,Europe & Central Asia
France,FR,2017,49195662250.3198,3.37792115360383,9.54689502716064,Europe & Central Asia
France,FR,2018,51409812838.5917,3.31211000419299,9.56552600860596,Europe & Central Asia
France,FR,2019,50118929211.9346,3.31742983656743,9.48199844360352,Europe & Central Asia
France,FR,2020,52747064858.0873,3.25900248818061,8.82271194458008,Europe & Central Asia
France,FR,2021,56646996215.7048,3.22443995527585,8.87541103363037,Europe & Central Asia
France,FR,2022,53638748769.4262,3.4341201076596,NA,Europe & Central Asia
Germany,DE,1960,2715197279.72744,NA,NA,Europe & Central Asia
Germany,DE,1961,3074753151.23869,NA,NA,Europe & Central Asia
Germany,DE,1962,4055355090.25919,NA,NA,Europe & Central Asia
Germany,DE,1963,4688620297.63257,NA,NA,Europe & Central Asia
Germany,DE,1964,4601309875.48072,NA,NA,Europe & Central Asia
Germany,DE,1965,4686319021.35024,NA,NA,Europe & Central Asia
Germany,DE,1966,4766403435.97555,NA,NA,Europe & Central Asia
Germany,DE,1967,5037954037.29127,NA,NA,Europe & Central Asia
Germany,DE,1968,4544109352.20696,NA,NA,Europe & Central Asia
Germany,DE,1969,5150518690.86432,NA,NA,Europe & Central Asia
Germany,DE,1970,5805254072.21292,NA,NA,Europe & Central Asia
Germany,DE,1971,6829977561.04103,NA,NA,Europe & Central Asia
Germany,DE,1972,8478070553.99355,NA,NA,Europe & Central Asia
Germany,DE,1973,11237904808.0976,NA,NA,Europe & Central Asia
Germany,DE,1974,12965199626.6718,NA,NA,Europe & Central Asia
Germany,DE,1975,14381443615.8645,NA,NA,Europe & Central Asia
Germany,DE,1976,14549820054.759,NA,NA,Europe & Central Asia
Germany,DE,1977,16288883939.3182,NA,NA,Europe & Central Asia
Germany,DE,1978,20159786212.0464,NA,NA,Europe & Central Asia
Germany,DE,1979,23323130253.4145,NA,NA,Europe & Central Asia
Germany,DE,1980,25125769751.6542,NA,NA,Europe & Central Asia
Germany,DE,1981,21738730858.1498,NA,NA,Europe & Central Asia
Germany,DE,1982,21037571076.4261,NA,NA,Europe & Central Asia
Germany,DE,1983,20828212902.3652,NA,NA,Europe & Central Asia
Germany,DE,1984,18943609976.0043,NA,NA,Europe & Central Asia
Germany,DE,1985,18752463333.1256,NA,NA,Europe & Central Asia
Germany,DE,1986,26065367271.4253,NA,NA,Europe & Central Asia
Germany,DE,1987,32131496921.4192,NA,NA,Europe & Central Asia
Germany,DE,1988,33036667268.8106,NA,NA,Europe & Central Asia
Germany,DE,1989,31631605144.5129,NA,NA,Europe & Central Asia
Germany,DE,1990,39834666879.765,NA,NA,Europe & Central Asia
Germany,DE,1991,37196729730.2406,4.28314904040485,8.46196365356445,Europe & Central Asia
Germany,DE,1992,39502452271.2667,3.91637189821551,9.04996490478516,Europe & Central Asia
Germany,DE,1993,35030537589.3725,3.50670428567994,9.23796844482422,Europe & Central Asia
Germany,DE,1994,34197705639.6682,3.21251678698569,9.16286087036133,Europe & Central Asia
Germany,DE,1995,38742699102.5497,2.71856284106382,7.50564336776733,Europe & Central Asia
Germany,DE,1996,36701189772.0008,2.97380642651846,8.57922649383545,Europe & Central Asia
Germany,DE,1997,31267710403.0556,2.91047681493743,8.70657253265381,Europe & Central Asia
Germany,DE,1998,31200768077.9981,2.89441807817795,8.63432598114014,Europe & Central Asia
Germany,DE,1999,30690158425.5813,2.90120748465917,8.58439826965332,Europe & Central Asia
Germany,DE,2000,26497593164.3887,2.85533615360451,8.52844333648682,Europe & Central Asia
Germany,DE,2001,25815401959.2283,2.80049836511622,8.75545024871826,Europe & Central Asia
Germany,DE,2002,27611355672.4383,2.78809948452107,8.7079610824585,Europe & Central Asia
Germany,DE,2003,32997363017.1296,2.73680665887715,8.64251327514648,Europe & Central Asia
Germany,DE,2004,35776573894.1079,2.72164905812954,8.77161598205566,Europe & Central Asia
Germany,DE,2005,30324965179.3265,2.27597509811883,8.78028964996338,Europe & Central Asia
Germany,DE,2006,35883657972.6799,2.65125479887811,8.90677928924561,Europe & Central Asia
Germany,DE,2007,40110859276.4132,2.70168905589132,9.04431533813477,Europe & Central Asia
Germany,DE,2008,45098956311.5685,2.73540162198277,8.92984580993652,Europe & Central Asia
Germany,DE,2009,44528927835.6531,2.71907681214743,9.01806831359863,Europe & Central Asia
Germany,DE,2010,43025915011.688,2.63145760701927,9.11344146728516,Europe & Central Asia
Germany,DE,2011,45163212878.2034,2.66620788757546,9.51164531707764,Europe & Central Asia
Germany,DE,2012,43798225349.2896,2.76432126817923,9.51723003387451,Europe & Central Asia
Germany,DE,2013,44242647302.8936,2.63716562304122,9.7097110748291,Europe & Central Asia
Germany,DE,2014,44662831167.6836,2.59562871065739,9.74810409545898,Europe & Central Asia
Germany,DE,2015,38170021071.3098,2.57659765127576,9.63814353942871,Europe & Central Asia
Germany,DE,2016,39909678594.2478,2.59556630086581,9.4778299331665,Europe & Central Asia
Germany,DE,2017,42281112684.641,2.61097831110261,9.48073101043701,Europe & Central Asia
Germany,DE,2018,46497675955.7617,2.63892570603284,9.63820171356201,Europe & Central Asia
Germany,DE,2019,49079444693.2378,2.80526115730615,9.71987533569336,Europe & Central Asia
Germany,DE,2020,53318705117.9756,2.73206314236469,9.19867610931396,Europe & Central Asia
Germany,DE,2021,56513126773.8884,2.59966304341322,8.84707832336426,Europe & Central Asia
Germany,DE,2022,55759747827.0381,2.74617276506781,NA,Europe & Central Asia
Italy,IT,1960,1009308856.43093,NA,NA,Europe & Central Asia
Italy,IT,1961,1062907313.20441,NA,NA,Europe & Central Asia
Italy,IT,1962,1222013656.10652,NA,NA,Europe & Central Asia
Italy,IT,1963,1463283723.58157,NA,NA,Europe & Central Asia
Italy,IT,1964,1586666707.9737,NA,NA,Europe & Central Asia
Italy,IT,1965,1719942314.72245,NA,NA,Europe & Central Asia
Italy,IT,1966,1904604598.71246,NA,NA,Europe & Central Asia
Italy,IT,1967,1928786564.47306,NA,NA,Europe & Central Asia
Italy,IT,1968,1991165044.33278,NA,NA,Europe & Central Asia
Italy,IT,1969,2003805617.344,NA,NA,Europe & Central Asia
Italy,IT,1970,2216771793.07653,NA,NA,Europe & Central Asia
Italy,IT,1971,2648079366.02068,NA,NA,Europe & Central Asia
Italy,IT,1972,3289362465.01575,NA,NA,Europe & Central Asia
Italy,IT,1973,3638240139.22655,NA,NA,Europe & Central Asia
Italy,IT,1974,3890003394.12994,NA,NA,Europe & Central Asia
Italy,IT,1975,4217069828.69074,NA,NA,Europe & Central Asia
Italy,IT,1976,3844185965.36122,NA,NA,Europe & Central Asia
Italy,IT,1977,4556493517.89272,NA,NA,Europe & Central Asia
Italy,IT,1978,5540992657.9633,NA,NA,Europe & Central Asia
Italy,IT,1979,6904107162.83232,NA,NA,Europe & Central Asia
Italy,IT,1980,7915696625.50473,NA,NA,Europe & Central Asia
Italy,IT,1981,7387713297.7908,NA,NA,Europe & Central Asia
Italy,IT,1982,8062597403.3411,NA,NA,Europe & Central Asia
Italy,IT,1983,8409527115.57584,NA,NA,Europe & Central Asia
Italy,IT,1984,8296144788.10221,NA,NA,Europe & Central Asia
Italy,IT,1985,8253390532.61038,NA,NA,Europe & Central Asia
Italy,IT,1986,11941809156.3098,NA,NA,Europe & Central Asia
Italy,IT,1987,15653065895.3873,NA,NA,Europe & Central Asia
Italy,IT,1988,17403664789.8428,4.02248335046708,NA,Europe & Central Asia
Italy,IT,1989,17675486539.4629,3.83016439462048,NA,Europe & Central Asia
Italy,IT,1990,20734625578.569,3.29017935816754,NA,Europe & Central Asia
Italy,IT,1991,21585706771.8811,3.17938658035328,NA,Europe & Central Asia
Italy,IT,1992,22177090390.3319,3.00395264453822,NA,Europe & Central Asia
Italy,IT,1993,18242013901.2785,3.01093015651877,NA,Europe & Central Asia
Italy,IT,1994,18062459081.75,3.0301546336717,NA,Europe & Central Asia
Italy,IT,1995,17185853003.8965,2.83424285313819,8.45182800292969,Europe & Central Asia
Italy,IT,1996,20793128832.2001,3.07688002659184,8.72720146179199,Europe & Central Asia
Italy,IT,1997,20156102258.3609,3.27930181196682,9.02195453643799,Europe & Central Asia
Italy,IT,1998,20825125351.8551,3.4053096591479,9.2203950881958,Europe & Central Asia
Italy,IT,1999,21016456909.9333,3.55541467432543,9.38837718963623,Europe & Central Asia
Italy,IT,2000,19878720932.3752,3.73457604206693,9.32159328460693,Europe & Central Asia
Italy,IT,2001,19519381482.0449,3.53321886966043,9.33592224121094,Europe & Central Asia
Italy,IT,2002,21610059761.8936,3.64144216008424,9.50787544250488,Europe & Central Asia
Italy,IT,2003,26824213292.0407,3.61236604001283,9.63621044158936,Europe & Central Asia
Italy,IT,2004,30261076654.6845,3.57956941551784,9.21776676177979,Europe & Central Asia
Italy,IT,2005,29737642391.6828,3.38888254301182,9.4085693359375,Europe & Central Asia
Italy,IT,2006,29633022263.3135,3.18315246905678,9.15353393554688,Europe & Central Asia
Italy,IT,2007,31982431792.4882,3.09307315471865,9.45093727111816,Europe & Central Asia
Italy,IT,2008,36839989746.2189,3.21045073151802,8.96302890777588,Europe & Central Asia
Italy,IT,2009,34054481324.3999,3.04085840104199,8.86478042602539,Europe & Central Asia
Italy,IT,2010,32020819951.1287,3.00533017765601,8.70691394805908,Europe & Central Asia
Italy,IT,2011,33828804971.12,3.00147268139019,8.25843811035156,Europe & Central Asia
Italy,IT,2012,29781008205.1256,2.8205640548868,8.01842975616455,Europe & Central Asia
Italy,IT,2013,29957445904.5168,2.74578841236868,8.0210485458374,Europe & Central Asia
Italy,IT,2014,27701034334.9422,2.52277541156925,7.94235134124756,Europe & Central Asia
Italy,IT,2015,22180845070.4225,2.40122699828436,7.94384479522705,Europe & Central Asia
Italy,IT,2016,25033027894.6754,2.71980198614624,7.86237335205078,Europe & Central Asia
Italy,IT,2017,26447892915.4274,2.78358701543774,7.91769123077393,Europe & Central Asia
Italy,IT,2018,28420098438.4406,2.80880073071122,8.11164093017578,Europe & Central Asia
Italy,IT,2019,26380673981.1912,2.70565422878717,8.04736328125,Europe & Central Asia
Italy,IT,2020,32929093810.5551,3.05888206518286,7.4938817024231,Europe & Central Asia
Italy,IT,2021,36249278618.7323,3.1135931008563,7.43716192245483,Europe & Central Asia
Italy,IT,2022,33489705251.2895,3.17443876177658,NA,Europe & Central Asia
Japan,JP,1960,480555555.555556,NA,NA,East Asia & Pacific
Japan,JP,1961,492361111.111111,NA,NA,East Asia & Pacific
Japan,JP,1962,538194444.444444,NA,NA,East Asia & Pacific
Japan,JP,1963,629861111.111111,NA,NA,East Asia & Pacific
Japan,JP,1964,718055555.555556,NA,NA,East Asia & Pacific
Japan,JP,1965,821388888.888889,NA,NA,East Asia & Pacific
Japan,JP,1966,932430555.555556,NA,NA,East Asia & Pacific
Japan,JP,1967,1039027777.77778,NA,NA,East Asia & Pacific
Japan,JP,1968,1168194444.44444,NA,NA,East Asia & Pacific
Japan,JP,1969,1335416666.66667,NA,NA,East Asia & Pacific
Japan,JP,1970,1575347222.22222,NA,NA,East Asia & Pacific
Japan,JP,1971,1896540415.99416,NA,NA,East Asia & Pacific
Japan,JP,1972,2567519427.91551,NA,NA,East Asia & Pacific
Japan,JP,1973,3374561100.02871,NA,NA,East Asia & Pacific
Japan,JP,1974,3962157887.16867,NA,NA,East Asia & Pacific
Japan,JP,1975,4534902135.20134,NA,NA,East Asia & Pacific
Japan,JP,1976,5008396503.81721,NA,NA,East Asia & Pacific
Japan,JP,1977,6157312576.81278,NA,NA,East Asia & Pacific
Japan,JP,1978,8657135932.94114,NA,NA,East Asia & Pacific
Japan,JP,1979,9173587660.85607,NA,NA,East Asia & Pacific
Japan,JP,1980,9711741590.62543,NA,NA,East Asia & Pacific
Japan,JP,1981,10851176225.1968,NA,NA,East Asia & Pacific
Japan,JP,1982,10193936011.7554,NA,NA,East Asia & Pacific
Japan,JP,1983,11429317255.5492,NA,NA,East Asia & Pacific
Japan,JP,1984,12225078098.0288,NA,NA,East Asia & Pacific
Japan,JP,1985,13087751953.5835,NA,NA,East Asia & Pacific
Japan,JP,1986,19457334441.0159,NA,NA,East Asia & Pacific
Japan,JP,1987,23642290700.1666,NA,NA,East Asia & Pacific
Japan,JP,1988,28216102752.9808,3.01965306913231,NA,East Asia & Pacific
Japan,JP,1989,27966353541.5036,3.08124960569492,NA,East Asia & Pacific
Japan,JP,1990,28800451682.4134,3.06864140369055,NA,East Asia & Pacific
Japan,JP,1991,32785415754.1924,3.06741765790194,NA,East Asia & Pacific
Japan,JP,1992,35999123575.8107,2.98526201516685,NA,East Asia & Pacific
Japan,JP,1993,41353936221.8745,2.83623979848618,NA,East Asia & Pacific
Japan,JP,1994,45285594082.655,2.76337447454063,NA,East Asia & Pacific
Japan,JP,1995,49961673236.9689,2.69706084575007,NA,East Asia & Pacific
Japan,JP,1996,44047104680.1313,2.64622324726508,NA,East Asia & Pacific
Japan,JP,1997,40634840607.9791,2.73420772515385,NA,East Asia & Pacific
Japan,JP,1998,37849012642.7562,2.39047145305347,NA,East Asia & Pacific
Japan,JP,1999,43122898504.9207,2.61528804107365,NA,East Asia & Pacific
Japan,JP,2000,45509673827.3094,2.54790355855006,NA,East Asia & Pacific
Japan,JP,2001,40757967234.1581,2.64725012318944,NA,East Asia & Pacific
Japan,JP,2002,39333708169.8408,2.65699201336045,NA,East Asia & Pacific
Japan,JP,2003,42486177361.062,2.68290318170404,NA,East Asia & Pacific
Japan,JP,2004,45339809414.6571,2.75134806492249,NA,East Asia & Pacific
Japan,JP,2005,44300613329.9461,2.73547073979519,9.32717037200928,East Asia & Pacific
Japan,JP,2006,41552592885.5794,2.73163525325929,9.39399242401123,East Asia & Pacific
Japan,JP,2007,40530045688.4692,2.67184044786564,9.41275119781494,East Asia & Pacific
Japan,JP,2008,46361468280.4594,2.66176386450202,9.1277551651001,East Asia & Pacific
Japan,JP,2009,51465158207.5898,2.5150689481741,8.93050956726074,East Asia & Pacific
Japan,JP,2010,54655450735.305,2.51433216237335,8.78449821472168,East Asia & Pacific
Japan,JP,2011,60762213840.8911,2.52370831203896,8.53705215454102,East Asia & Pacific
Japan,JP,2012,60011530194.6974,2.47621830292155,8.50433921813965,East Asia & Pacific
Japan,JP,2013,49023932406.8581,2.4254314883185,8.46380710601807,East Asia & Pacific
Japan,JP,2014,46903466612.5187,2.49499036483098,8.53448104858398,East Asia & Pacific
Japan,JP,2015,42106103305.7928,2.53995917978834,8.37435340881348,East Asia & Pacific
Japan,JP,2016,46471287714.246,2.49673620739849,8.19608783721924,East Asia & Pacific
Japan,JP,2017,45058468760.6493,2.48930795245756,8.15319728851318,East Asia & Pacific
Japan,JP,2018,48535909410.587,2.61989418807022,8.12938404083252,East Asia & Pacific
Japan,JP,2019,50778006586.0079,2.66138829728417,8.14637565612793,East Asia & Pacific
Japan,JP,2020,51396536058.5254,2.29012106846773,7.29284954071045,East Asia & Pacific
Japan,JP,2021,50957471034.0305,2.39162145467695,7.42792320251465,East Asia & Pacific
Japan,JP,2022,45992092171.8933,2.53159308059221,NA,East Asia & Pacific
United Kingdom,GB,1960,5129857089.89177,NA,NA,Europe & Central Asia
United Kingdom,GB,1961,5308314126.28105,NA,NA,Europe & Central Asia
United Kingdom,GB,1962,5597132750.96369,NA,NA,Europe & Central Asia
United Kingdom,GB,1963,5810811570.85085,NA,NA,Europe & Central Asia
United Kingdom,GB,1964,6159898580.62988,NA,NA,Europe & Central Asia
United Kingdom,GB,1965,6475329219.51092,NA,NA,Europe & Central Asia
United Kingdom,GB,1966,6692138864.5979,NA,NA,Europe & Central Asia
United Kingdom,GB,1967,6933197077.38222,NA,NA,Europe & Central Asia
United Kingdom,GB,1968,6220499923.0844,NA,NA,Europe & Central Asia
United Kingdom,GB,1969,6199702306.86184,NA,NA,Europe & Central Asia
United Kingdom,GB,1970,6792098923.78198,NA,NA,Europe & Central Asia
United Kingdom,GB,1971,7518385128.20382,NA,NA,Europe & Central Asia
United Kingdom,GB,1972,8789192636.73613,NA,NA,Europe & Central Asia
United Kingdom,GB,1973,9446894124.04146,NA,NA,Europe & Central Asia
United Kingdom,GB,1974,10450754431.8186,NA,NA,Europe & Central Asia
United Kingdom,GB,1975,12907674883.7019,NA,NA,Europe & Central Asia
United Kingdom,GB,1976,12038757739.3177,NA,NA,Europe & Central Asia
United Kingdom,GB,1977,12952124605.6775,NA,NA,Europe & Central Asia
United Kingdom,GB,1978,15897336095.5357,NA,NA,Europe & Central Asia
United Kingdom,GB,1979,20544684886.403,NA,NA,Europe & Central Asia
United Kingdom,GB,1980,28360159219.7249,NA,NA,Europe & Central Asia
United Kingdom,GB,1981,26948261220.5562,NA,NA,Europe & Central Asia
United Kingdom,GB,1982,27714188335.4742,NA,NA,Europe & Central Asia
United Kingdom,GB,1983,26423122398.8855,NA,NA,Europe & Central Asia
United Kingdom,GB,1984,25418839536.3938,NA,NA,Europe & Central Asia
United Kingdom,GB,1985,26031881546.0011,NA,NA,Europe & Central Asia
United Kingdom,GB,1986,30432577939.6425,NA,NA,Europe & Central Asia
United Kingdom,GB,1987,34921759890.1918,NA,NA,Europe & Central Asia
United Kingdom,GB,1988,38357236513.9578,11.3332918040899,NA,Europe & Central Asia
United Kingdom,GB,1989,37456646813.3108,11.0634502236766,NA,Europe & Central Asia
United Kingdom,GB,1990,43545094840.1343,10.4730975993912,NA,Europe & Central Asia
United Kingdom,GB,1991,47045457327.3683,10.5594863398046,NA,Europe & Central Asia
United Kingdom,GB,1992,45592591817.9765,9.38089239470594,NA,Europe & Central Asia
United Kingdom,GB,1993,38113206791.4603,8.7195169590598791,NA,Europe & Central Asia
United Kingdom,GB,1994,38569013504.8574,8.28515557655702,NA,Europe & Central Asia
United Kingdom,GB,1995,38294283079.8348,7.57240943876998,11.3720350265503,Europe & Central Asia
United Kingdom,GB,1996,38566134645.3921,7.62766298130711,11.3914403915405,Europe & Central Asia
United Kingdom,GB,1997,39889947448.983,7.35495062934196,11.525050163269,Europe & Central Asia
United Kingdom,GB,1998,41222125832.6215,7.25602088070617,11.4627780914307,Europe & Central Asia
United Kingdom,GB,1999,40760400666.5656,7.12508971459071,12.3737344741821,Europe & Central Asia
United Kingdom,GB,2000,39343711272.5782,6.9648505395956,13.2251052856445,Europe & Central Asia
United Kingdom,GB,2001,39512579943.6497,6.92207292408158,13.6043968200684,Europe & Central Asia
United Kingdom,GB,2002,44245265998.3094,6.91735183380197,14.7167654037476,Europe & Central Asia
United Kingdom,GB,2003,52343122277.0674,6.86561118143854,14.4708662033081,Europe & Central Asia
United Kingdom,GB,2004,60250782544.7032,6.56376667436567,13.8993368148804,Europe & Central Asia
United Kingdom,GB,2005,61653635038.462,6.31396022818637,13.3879680633545,Europe & Central Asia
United Kingdom,GB,2006,64217619528.3273,6.18318869012024,13.7800807952881,Europe & Central Asia
United Kingdom,GB,2007,73448032014.1665,6.16252580878196,13.8071508407593,Europe & Central Asia
United Kingdom,GB,2008,72915407669.7404,6.08820558826397,13.0426292419434,Europe & Central Asia
United Kingdom,GB,2009,64010506669.801,5.94956792136061,13.1484518051147,Europe & Central Asia
United Kingdom,GB,2010,63979111970.2694,5.75833450928461,13.2431955337524,Europe & Central Asia
United Kingdom,GB,2011,66569552573.1349,5.73539221462299,12.7290105819702,Europe & Central Asia
United Kingdom,GB,2012,65452487554.2416,5.53636674328506,12.2744722366333,Europe & Central Asia
United Kingdom,GB,2013,63837724855.4312,5.46083727867526,12.1287822723389,Europe & Central Asia
United Kingdom,GB,2014,66995468654.2895,5.30106996551845,12.3615922927856,Europe & Central Asia
United Kingdom,GB,2015,59990205719.3245,5.0734495500073,12.2949190139771,Europe & Central Asia
United Kingdom,GB,2016,53327366087.7128,5.00292590089719,12.2454032897949,Europe & Central Asia
United Kingdom,GB,2017,52075008432.0543,4.99285049480969,12.2813653945923,Europe & Central Asia
United Kingdom,GB,2018,55832916405.2492,5.0074957944585,12.1116199493408,Europe & Central Asia
United Kingdom,GB,2019,56567602040.8163,5.14134675021302,12.018479347229,Europe & Central Asia
United Kingdom,GB,2020,58332371794.8718,4.32506487704256,10.7294292449951,Europe & Central Asia
United Kingdom,GB,2021,67500687757.9092,4.71971039080698,11.2324705123901,Europe & Central Asia
United Kingdom,GB,2022,68462578611.6125,5.28817152122861,NA,Europe & Central Asia
United States,US,1960,47346552670.2126,NA,NA,North America
United States,US,1961,49879770605.0578,NA,NA,North America
United States,US,1962,54650942605.0773,NA,NA,North America
United States,US,1963,54561215775.4246,NA,NA,North America
United States,US,1964,53432327058.1665,NA,NA,North America
United States,US,1965,54561791263.2266,NA,NA,North America
United States,US,1966,66442751527.3178,NA,NA,North America
United States,US,1967,78398442240.5239,NA,NA,North America
United States,US,1968,84329031218.2481,NA,NA,North America
United States,US,1969,84990165430.7737,NA,NA,North America
United States,US,1970,83407993004.8882,NA,NA,North America
United States,US,1971,78237979893.08,NA,NA,North America
United States,US,1972,80708070966.4935,NA,17.4885311126709,North America
United States,US,1973,81469794407.5887,NA,17.7788486480713,North America
United States,US,1974,89278920339.82,NA,17.638126373291,North America
United States,US,1975,92080928753.6472,NA,17.3917331695557,North America
United States,US,1976,94715251079.7143,NA,17.35178565979,North America
United States,US,1977,104665218971.628,NA,16.9860610961914,North America
United States,US,1978,113382063749.093,NA,16.5371341705322,North America
United States,US,1979,126879927116.756,NA,16.3264541625977,North America
United States,US,1980,143688354872.676,NA,15.5543832778931,North America
United States,US,1981,176558875270.821,NA,14.8959426879883,North America
United States,US,1982,221673542584.02,NA,14.2720994949341,North America
United States,US,1983,223427165005.73,NA,13.9664220809937,North America
United States,US,1984,245149168288.537,NA,14.067120552063,North America
United States,US,1985,272163229313.057,NA,14.0242376327515,North America
United States,US,1986,295546223803.599,NA,14.2157745361328,North America
United States,US,1987,304086648682.908,NA,14.4408807754517,North America
United States,US,1988,309661269300.954,NA,14.8521461486816,North America
United States,US,1989,321866558808.32,NA,15.197395324707,North America
United States,US,1990,325129313986.031,NA,15.2107429504395,North America
United States,US,1991,299372779114.591,NA,15.3581209182739,North America
United States,US,1992,325033735954.804,NA,15.1028280258179,North America
United States,US,1993,316719443747.423,NA,15.2748746871948,North America
United States,US,1994,308084000000,NA,15.5527353286743,North America
United States,US,1995,295853097724.661,NA,15.8898735046387,North America
United States,US,1996,287960668678.94,NA,16.1000061035156,North America
United States,US,1997,293167825790.971,NA,16.6120166778564,North America
United States,US,1998,290996055088.378,NA,17.134729385376,North America
United States,US,1999,298094891322.404,NA,17.5550212860107,North America
United States,US,2000,320086324211.196,NA,17.9881553649902,North America
United States,US,2001,331805610572.137,NA,17.6896095275879,North America
United States,US,2002,378463138753.841,NA,17.3132019042969,North America
United States,US,2003,440532069586.192,NA,16.981616973877,North America
United States,US,2004,492999376159.397,NA,16.9619560241699,North America
United States,US,2005,533203000000,NA,16.6988105773926,North America
United States,US,2006,558335000000,NA,16.8092250823975,North America
United States,US,2007,589586000000,NA,16.7058124542236,North America
United States,US,2008,656756000000,NA,16.2201328277588,North America
United States,US,2009,705917000000,NA,15.6010618209839,North America
United States,US,2010,738005000000,NA,15.5616855621338,North America
United States,US,2011,752288000000,NA,15.5074806213379,North America
United States,US,2012,725205000000,NA,15.5992212295532,North America
United States,US,2013,679229000000,NA,16.0246276855469,North America
United States,US,2014,647789000000,NA,16.0046138763428,North America
United States,US,2015,633829639000,NA,16.0524635314941,North America
United States,US,2016,639856443000,NA,15.9738168716431,North America
United States,US,2017,646752927000,NA,15.9008255004883,North America
United States,US,2018,682491400000,NA,15.7807312011719,North America
United States,US,2019,734344100000,NA,15.5171337127686,North America
United States,US,2020,778397200000,NA,12.6542158126831,North America
United States,US,2021,806230200000,NA,NA,North America
United States,US,2022,876943200000,NA,NA,North America
